Variable Name;Variable File;Variable Line;Fault Injection Time(s);Injection Time Interval;Fault Model
partial_new_centers;kmeans_clustering.c;139;44.13717770576477;42-55;Zero bit-flip
partial_new_centers;kmeans_clustering.c;139;42.40542006492615;42-55;Zero bit-flip
attributes_dup;cluster.c;82;46.43089509010315;42-55;Zero bit-flip
new_centers;kmeans_clustering.c;131;43.880332708358765;42-55;Zero bit-flip
pt1;kmeans_clustering.c;101;48.242141246795654;42-55;Zero bit-flip
cluster_centres_dup;cluster.c;87;42.24986004829407;42-55;Zero bit-flip
pt1;kmeans_clustering.c;101;48.33517384529114;42-55;Zero bit-flip
partial_new_centers;kmeans_clustering.c;139;43.82134652137756;42-55;Zero bit-flip
new_centers;kmeans_clustering.c;131;46.411174297332764;42-55;Zero bit-flip
new_centers;kmeans_clustering.c;131;46.186474084854126;42-55;Zero bit-flip
partial_new_centers_len_dup;kmeans_clustering.c;138;42.68453621864319;42-55;Zero bit-flip
pt2;kmeans_clustering.c;102;47.64408087730408;42-55;Zero bit-flip
partial_new_centers_len;kmeans_clustering.c;138;48.65038180351257;42-55;Zero bit-flip
pt2;kmeans_clustering.c;102;52.19774055480957;42-55;Zero bit-flip
attributes_dup;cluster.c;82;47.5763418674469;42-55;Zero bit-flip
new_centers_len;kmeans_clustering.c;130;44.490357875823975;42-55;Zero bit-flip
out_filename;kmeans.c;155;43.192731857299805;42-55;Zero bit-flip
partial_new_centers_dup;kmeans_clustering.c;139;46.54198169708252;42-55;Zero bit-flip
pt2;kmeans_clustering.c;102;51.224162578582764;42-55;Zero bit-flip
cluster_centres_dup;cluster.c;87;43.12460494041443;42-55;Zero bit-flip
pt1;kmeans_clustering.c;101;44.922279834747314;42-55;Zero bit-flip
pt2;kmeans_clustering.c;102;45.62555813789368;42-55;Zero bit-flip
partial_new_centers_dup;kmeans_clustering.c;139;42.84840965270996;42-55;Zero bit-flip
membership;kmeans_clustering.c;124;43.42486095428467;42-55;Zero bit-flip
cluster_centres_dup;cluster.c;87;46.775800466537476;42-55;Zero bit-flip
clusters;kmeans_clustering.c;132;45.86954045295715;42-55;Zero bit-flip
pts;kmeans_clustering.c;80;48.388596296310425;42-55;Zero bit-flip
cluster_centres;cluster.c;86;48.14244484901428;42-55;Zero bit-flip
cluster_centres;cluster.c;86;46.59127378463745;42-55;Zero bit-flip
clusters;kmeans_clustering.c;132;42.44652080535889;42-55;Zero bit-flip
attributes;cluster.c;81;48.94870138168335;42-55;Zero bit-flip
attributes_dup;kmeans.c;202;51.96892428398132;42-55;Zero bit-flip
clusters_temp;kmeans_clustering.c;125;44.08630990982056;42-55;Zero bit-flip
cluster_centres;cluster.c;86;46.647186040878296;42-55;Zero bit-flip
cluster_centres_dup;cluster.c;87;43.6589879989624;42-55;Zero bit-flip
cluster_centres_dup;cluster.c;87;47.377963066101074;42-55;Zero bit-flip
new_centers;kmeans_clustering.c;131;43.443896770477295;42-55;Zero bit-flip
feature;kmeans_clustering.c;116;47.67440605163574;42-55;Zero bit-flip
cluster_centres_dup;cluster.c;87;44.46989297866821;42-55;Zero bit-flip
out_filename;kmeans.c;155;53.68889832496643;42-55;Zero bit-flip
pt1;kmeans_clustering.c;101;44.97012495994568;42-55;Zero bit-flip
new_centers_dup;kmeans_clustering.c;131;53.00115919113159;42-55;Zero bit-flip
partial_new_centers;kmeans_clustering.c;139;45.96269369125366;42-55;Zero bit-flip
attributes;cluster.c;81;48.070982694625854;42-55;Zero bit-flip
pts;kmeans_clustering.c;80;49.76262712478638;42-55;Zero bit-flip
attributes_dup;cluster.c;82;43.59161710739136;42-55;Zero bit-flip
cluster_centres_dup;cluster.c;87;46.515812397003174;42-55;Zero bit-flip
clusters_dup_temp;kmeans_clustering.c;126;44.27962350845337;42-55;Zero bit-flip
pt2;kmeans_clustering.c;102;47.75908350944519;42-55;Zero bit-flip
pt2;kmeans_clustering.c;102;44.33335590362549;42-55;Zero bit-flip
new_centers_dup;kmeans_clustering.c;131;50.014233112335205;42-55;Zero bit-flip
membership;kmeans_clustering.c;124;44.83717370033264;42-55;Zero bit-flip
new_centers;kmeans_clustering.c;131;50.74819564819336;42-55;Zero bit-flip
clusters;kmeans_clustering.c;132;45.33169484138489;42-55;Zero bit-flip
feature_dup;kmeans_clustering.c;117;45.36974906921387;42-55;Zero bit-flip
feature_dup;kmeans_clustering.c;117;43.83949255943298;42-55;Zero bit-flip
out_filename;kmeans.c;155;46.419193506240845;42-55;Zero bit-flip
partial_new_centers_len_dup;kmeans_clustering.c;138;46.07357597351074;42-55;Zero bit-flip
pt;kmeans_clustering.c;78;45.918355226516724;42-55;Zero bit-flip
pt;kmeans_clustering.c;78;45.433457136154175;42-55;Zero bit-flip
partial_new_centers;kmeans_clustering.c;139;51.724788188934326;42-55;Zero bit-flip
feature_dup;kmeans_clustering.c;117;48.00093460083008;42-55;Zero bit-flip
membership;kmeans_clustering.c;124;43.612342834472656;42-55;Zero bit-flip
out_filename;kmeans.c;155;46.17294478416443;42-55;Zero bit-flip
attributes;cluster.c;81;52.67289471626282;42-55;Zero bit-flip
pt;kmeans_clustering.c;78;44.615033864974976;42-55;Zero bit-flip
partial_new_centers_len_dup;kmeans_clustering.c;138;42.47596740722656;42-55;Zero bit-flip
cluster_centres_dup;cluster.c;87;44.925498962402344;42-55;Zero bit-flip
attributes_dup;kmeans.c;202;43.19534969329834;42-55;Zero bit-flip
pt2;kmeans_clustering.c;102;46.53042125701904;42-55;Zero bit-flip
partial_new_centers_len;kmeans_clustering.c;138;45.09267616271973;42-55;Zero bit-flip
partial_new_centers;kmeans_clustering.c;139;43.577314138412476;42-55;Zero bit-flip
partial_new_centers_len;kmeans_clustering.c;138;45.154700756073;42-55;Zero bit-flip
new_centers_len_dup;kmeans_clustering.c;130;49.507244348526;42-55;Zero bit-flip
pt2;kmeans_clustering.c;102;43.14955925941467;42-55;Zero bit-flip
pt;kmeans_clustering.c;78;42.76699924468994;42-55;Zero bit-flip
pt1;kmeans_clustering.c;101;43.61887001991272;42-55;Zero bit-flip
pt;kmeans_clustering.c;78;51.20930600166321;42-55;Zero bit-flip
clusters_temp;kmeans_clustering.c;125;50.36657786369324;42-55;Zero bit-flip
partial_new_centers_len;kmeans_clustering.c;138;43.41157555580139;42-55;Zero bit-flip
cluster_centres_dup;cluster.c;87;44.32477903366089;42-55;Zero bit-flip
pts;kmeans_clustering.c;80;43.29570651054382;42-55;Zero bit-flip
out_filename;kmeans.c;155;49.85199952125549;42-55;Zero bit-flip
pts;kmeans_clustering.c;80;43.50800681114197;42-55;Zero bit-flip
pts;kmeans_clustering.c;80;45.068779945373535;42-55;Zero bit-flip
partial_new_centers_len;kmeans_clustering.c;138;46.508965730667114;42-55;Zero bit-flip
cluster_centres;cluster.c;86;42.76505160331726;42-55;Zero bit-flip
pts;kmeans_clustering.c;80;44.22984981536865;42-55;Zero bit-flip
new_centers_dup;kmeans_clustering.c;131;50.37647485733032;42-55;Zero bit-flip
clusters;kmeans_clustering.c;132;42.798192739486694;42-55;Zero bit-flip
partial_new_centers;kmeans_clustering.c;139;43.802146196365356;42-55;Zero bit-flip
partial_new_centers_dup;kmeans_clustering.c;139;53.70544791221619;42-55;Zero bit-flip
cluster_centres_dup;cluster.c;87;43.58791446685791;42-55;Zero bit-flip
pt2;kmeans_clustering.c;102;49.659812211990356;42-55;Zero bit-flip
pt1;kmeans_clustering.c;101;43.48342823982239;42-55;Zero bit-flip
attributes;cluster.c;81;45.066354513168335;42-55;Zero bit-flip
pts;kmeans_clustering.c;80;43.842676639556885;42-55;Zero bit-flip
new_centers_dup;kmeans_clustering.c;131;43.17158341407776;42-55;Zero bit-flip
new_centers;kmeans_clustering.c;131;49.916776180267334;42-55;Zero bit-flip
pt2;kmeans_clustering.c;102;43.07438087463379;42-55;Zero bit-flip
partial_new_centers_len;kmeans_clustering.c;138;50.9497709274292;42-55;Zero bit-flip
cluster_centres_dup;cluster.c;87;46.9559485912323;42-55;Zero bit-flip
pt1;kmeans_clustering.c;101;47.67909383773804;42-55;Zero bit-flip
partial_new_centers_len;kmeans_clustering.c;138;49.01738214492798;42-55;Zero bit-flip
pt2;kmeans_clustering.c;102;46.615633726119995;42-55;Zero bit-flip
new_centers_len;kmeans_clustering.c;130;45.33989500999451;42-55;Zero bit-flip
feature;kmeans_clustering.c;116;43.98685336112976;42-55;Zero bit-flip
pts;kmeans_clustering.c;80;43.12356352806091;42-55;Zero bit-flip
partial_new_centers;kmeans_clustering.c;139;48.969844341278076;42-55;Zero bit-flip
partial_new_centers_len_dup;kmeans_clustering.c;138;48.39410877227783;42-55;Zero bit-flip
new_centers_dup;kmeans_clustering.c;131;52.0282883644104;42-55;Zero bit-flip
partial_new_centers_len_dup;kmeans_clustering.c;138;43.93559908866882;42-55;Zero bit-flip
feature_dup;kmeans_clustering.c;117;47.49847960472107;42-55;Zero bit-flip
new_centers_len_dup;kmeans_clustering.c;130;47.18982768058777;42-55;Zero bit-flip
attributes;cluster.c;81;43.01112341880798;42-55;Zero bit-flip
partial_new_centers;kmeans_clustering.c;139;43.247074604034424;42-55;Zero bit-flip
pt2;kmeans_clustering.c;102;45.79150938987732;42-55;Zero bit-flip
attributes;cluster.c;81;45.99715042114258;42-55;Zero bit-flip
new_centers_dup;kmeans_clustering.c;131;43.506648540496826;42-55;Zero bit-flip
new_centers;kmeans_clustering.c;131;45.7747859954834;42-55;Zero bit-flip
feature_dup;kmeans_clustering.c;117;48.78243565559387;42-55;Zero bit-flip
pt;kmeans_clustering.c;78;43.02627897262573;42-55;Zero bit-flip
pts;kmeans_clustering.c;80;42.95272469520569;42-55;Zero bit-flip
cluster_centres_dup;cluster.c;87;47.68731141090393;42-55;Zero bit-flip
out_filename;kmeans.c;155;44.21337890625;42-55;Zero bit-flip
clusters;kmeans_clustering.c;132;46.16327738761902;42-55;Zero bit-flip
new_centers_dup;kmeans_clustering.c;131;47.03392815589905;42-55;Zero bit-flip
clusters;kmeans_clustering.c;132;43.99105882644653;42-55;Zero bit-flip
out_filename;kmeans.c;155;44.519787549972534;42-55;Zero bit-flip
membership;kmeans_clustering.c;124;45.09104824066162;42-55;Zero bit-flip
partial_new_centers_len;kmeans_clustering.c;138;43.35508060455322;42-55;Zero bit-flip
new_centers;kmeans_clustering.c;131;45.60678839683533;42-55;Zero bit-flip
clusters_dup;kmeans_clustering.c;132;46.0690860748291;42-55;Zero bit-flip
cluster_centres;cluster.c;86;46.035786867141724;42-55;Zero bit-flip
i;kmeans_clustering.c;83;16.873594999313354;14-27;Double bit-flip
j;kmeans_clustering.c;129;16.498573064804077;14-27;Double bit-flip
membership;cluster.c;91;20.264031410217285;14-27;Double bit-flip
nclusters;kmeans_clustering.c;121;17.069329500198364;14-27;Double bit-flip
pt2;kmeans_clustering.c;102;15.465019464492798;14-27;Double bit-flip
partial_new_centers;kmeans_clustering.c;139;14.418960332870483;14-27;Double bit-flip
nclusters;kmeans_clustering.c;121;15.036989688873291;14-27;Double bit-flip
index;kmeans_clustering.c;83;15.030744552612305;14-27;Double bit-flip
i;kmeans_clustering.c;105;16.318116426467896;14-27;Double bit-flip
pt1;kmeans_clustering.c;101;14.85061764717102;14-27;Double bit-flip
numAttributes;kmeans.c;203;14.331219911575317;14-27;Double bit-flip
j;kmeans_clustering.c;129;17.404359817504883;14-27;Double bit-flip
npts;kmeans_clustering.c;81;18.150131225585938;14-27;Double bit-flip
numAttributes;kmeans.c;203;16.66770839691162;14-27;Double bit-flip
pts;kmeans_clustering.c;80;15.92798376083374;14-27;Double bit-flip
index;kmeans_clustering.c;83;15.422761678695679;14-27;Double bit-flip
cluster_centres_dup;cluster.c;87;16.202733516693115;14-27;Double bit-flip
cluster_centres_dup;kmeans.c;204;20.17150902748108;14-27;Double bit-flip
pts;kmeans_clustering.c;80;15.64733624458313;14-27;Double bit-flip
new_centers;kmeans_clustering.c;131;18.629141330718994;14-27;Double bit-flip
i;kmeans_clustering.c;105;17.572545051574707;14-27;Double bit-flip
i;kmeans_clustering.c;83;18.69870924949646;14-27;Double bit-flip
i;kmeans_clustering.c;129;19.120715141296387;14-27;Double bit-flip
nfeatures_dup;kmeans_clustering.c;119;15.70751166343689;14-27;Double bit-flip
pts;kmeans_clustering.c;80;20.837953567504883;14-27;Double bit-flip
nfeatures_dup;kmeans_clustering.c;119;18.660428047180176;14-27;Double bit-flip
tid;kmeans_clustering.c;221;20.38703727722168;14-27;Double bit-flip
partial_new_centers_len_dup;kmeans_clustering.c;138;15.279250621795654;14-27;Double bit-flip
nfeatures;kmeans_clustering.c;118;16.05294680595398;14-27;Double bit-flip
nclusters;kmeans_clustering.c;121;19.28931951522827;14-27;Double bit-flip
cluster_centres_dup;cluster.c;87;15.075837850570679;14-27;Double bit-flip
cluster_centres_dup;kmeans.c;204;17.473752975463867;14-27;Double bit-flip
partial_new_centers;kmeans_clustering.c;139;17.168986320495605;14-27;Double bit-flip
new_centers_len;kmeans_clustering.c;130;16.182521104812622;14-27;Double bit-flip
feature;kmeans_clustering.c;116;15.072832822799683;14-27;Double bit-flip
partial_new_centers_len;kmeans_clustering.c;138;14.84641432762146;14-27;Double bit-flip
partial_new_centers;kmeans_clustering.c;139;14.432350873947144;14-27;Double bit-flip
new_centers_len;kmeans_clustering.c;130;16.83407187461853;14-27;Double bit-flip
numAttributes;kmeans.c;203;15.084352731704712;14-27;Double bit-flip
cluster_centres_dup;cluster.c;87;18.48829674720764;14-27;Double bit-flip
clusters;kmeans_clustering.c;132;14.394992351531982;14-27;Double bit-flip
pt;kmeans_clustering.c;78;14.441757440567017;14-27;Double bit-flip
nclusters_dup;kmeans_clustering.c;122;15.921218395233154;14-27;Double bit-flip
cluster_centres_dup;cluster.c;87;17.205347776412964;14-27;Double bit-flip
clusters;kmeans_clustering.c;132;21.445900678634644;14-27;Double bit-flip
index;kmeans_clustering.c;83;19.657057762145996;14-27;Double bit-flip
pt1;kmeans_clustering.c;101;15.977968454360962;14-27;Double bit-flip
membership;cluster.c;91;16.49208402633667;14-27;Double bit-flip
npts;kmeans_clustering.c;81;21.533175230026245;14-27;Double bit-flip
numdims;kmeans_clustering.c;103;16.4864022731781;14-27;Double bit-flip
numAttributes;kmeans.c;203;20.004282474517822;14-27;Double bit-flip
nclusters;kmeans_clustering.c;121;16.452009677886963;14-27;Double bit-flip
nfeatures;kmeans_clustering.c;79;15.708400011062622;14-27;Double bit-flip
new_centers;kmeans_clustering.c;131;17.947975397109985;14-27;Double bit-flip
npts;kmeans_clustering.c;81;15.150838136672974;14-27;Double bit-flip
clusters;kmeans_clustering.c;132;17.489339590072632;14-27;Double bit-flip
i;kmeans_clustering.c;105;17.93551015853882;14-27;Double bit-flip
nfeatures;kmeans_clustering.c;118;15.8671133518219;14-27;Double bit-flip
out_filename;kmeans.c;155;15.519655227661133;14-27;Double bit-flip
partial_new_centers;kmeans_clustering.c;139;14.81652545928955;14-27;Double bit-flip
npts;kmeans_clustering.c;81;15.748082399368286;14-27;Double bit-flip
new_centers_dup;kmeans_clustering.c;131;19.858917951583862;14-27;Double bit-flip
cluster_centres;kmeans.c;204;15.66379165649414;14-27;Double bit-flip
clusters_temp;kmeans_clustering.c;125;16.07675862312317;14-27;Double bit-flip
cluster_centres_dup;cluster.c;87;15.740836143493652;14-27;Double bit-flip
cluster_centres;cluster.c;86;17.00090980529785;14-27;Double bit-flip
out_filename;kmeans.c;155;17.237080574035645;14-27;Double bit-flip
nfeatures;kmeans_clustering.c;118;16.061588287353516;14-27;Double bit-flip
membership;cluster.c;91;23.694640636444092;14-27;Double bit-flip
clusters;kmeans_clustering.c;132;18.008583307266235;14-27;Double bit-flip
cluster_centres_dup;kmeans.c;204;20.641458988189697;14-27;Double bit-flip
membership;cluster.c;91;18.656652450561523;14-27;Double bit-flip
nthreads_dup;kmeans_clustering.c;137;14.982154130935669;14-27;Double bit-flip
cluster_centres_dup;cluster.c;87;15.85420298576355;14-27;Double bit-flip
i;kmeans_clustering.c;105;21.860265254974365;14-27;Double bit-flip
feature_dup;kmeans_clustering.c;117;15.132209062576294;14-27;Double bit-flip
npoints;kmeans_clustering.c;120;22.634037494659424;14-27;Double bit-flip
tid;kmeans_clustering.c;221;20.435882091522217;14-27;Double bit-flip
tid;kmeans_clustering.c;221;18.78197932243347;14-27;Double bit-flip
npts;kmeans_clustering.c;81;20.17627453804016;14-27;Double bit-flip
attributes_dup;kmeans.c;202;19.10423970222473;14-27;Double bit-flip
membership;kmeans_clustering.c;124;15.933733224868774;14-27;Double bit-flip
clusters_temp;kmeans_clustering.c;125;14.821800231933594;14-27;Double bit-flip
numAttributes;kmeans.c;203;14.359614133834839;14-27;Double bit-flip
cluster_centres;kmeans.c;204;22.7473304271698;14-27;Double bit-flip
nclusters;kmeans.c;153;17.223257064819336;14-27;Double bit-flip
cluster_centres;cluster.c;86;21.393393993377686;14-27;Double bit-flip
pt2;kmeans_clustering.c;102;25.02201771736145;14-27;Double bit-flip
partial_new_centers;kmeans_clustering.c;139;14.893436193466187;14-27;Double bit-flip
clusters;kmeans_clustering.c;132;16.898268938064575;14-27;Double bit-flip
i;kmeans_clustering.c;129;20.902605772018433;14-27;Double bit-flip
partial_new_centers_len;kmeans_clustering.c;138;15.549082040786743;14-27;Double bit-flip
clusters_dup;kmeans_clustering.c;132;19.76695704460144;14-27;Double bit-flip
partial_new_centers;kmeans_clustering.c;139;21.109132528305054;14-27;Double bit-flip
nclusters;kmeans_clustering.c;121;15.28718638420105;14-27;Double bit-flip
clusters_dup;kmeans_clustering.c;132;21.92985200881958;14-27;Double bit-flip
nfeatures;kmeans_clustering.c;118;16.665276765823364;14-27;Double bit-flip
pt1;kmeans_clustering.c;101;21.192841291427612;14-27;Double bit-flip
nclusters;kmeans_clustering.c;121;16.546571016311646;14-27;Double bit-flip
nclusters;kmeans_clustering.c;121;18.921038150787354;14-27;Double bit-flip
npts;kmeans_clustering.c;81;18.461743593215942;14-27;Double bit-flip
nfeatures;kmeans_clustering.c;118;14.807515859603882;14-27;Double bit-flip
partial_new_centers_len;kmeans_clustering.c;138;23.36631965637207;14-27;Double bit-flip
cluster_centres_dup;cluster.c;87;15.966849088668823;14-27;Double bit-flip
pts;kmeans_clustering.c;80;15.520046710968018;14-27;Double bit-flip
num_omp_threads;kmeans.c;86;14.740985631942749;14-27;Double bit-flip
npoints;kmeans_clustering.c;120;14.386045455932617;14-27;Double bit-flip
cluster_centres_dup;cluster.c;87;21.155225038528442;14-27;Double bit-flip
partial_new_centers;kmeans_clustering.c;139;19.174867153167725;14-27;Double bit-flip
i;kmeans_clustering.c;129;21.224210500717163;14-27;Double bit-flip
cluster_centres;cluster.c;86;16.773686408996582;14-27;Double bit-flip
cluster_centres;kmeans.c;204;17.440335273742676;14-27;Double bit-flip
feature;kmeans_clustering.c;116;16.24567675590515;14-27;Double bit-flip
nclusters;kmeans_clustering.c;121;15.282074451446533;14-27;Double bit-flip
nthreads;kmeans_clustering.c;137;18.684353351593018;14-27;Double bit-flip
cluster_centres;cluster.c;86;19.47782802581787;14-27;Double bit-flip
num_omp_threads;kmeans.c;86;22.418232917785645;14-27;Double bit-flip
pt1;kmeans_clustering.c;101;16.34498620033264;14-27;Double bit-flip
partial_new_centers;kmeans_clustering.c;139;17.389615535736084;14-27;Double bit-flip
numdims;kmeans_clustering.c;103;17.480038166046143;14-27;Double bit-flip
membership;cluster.c;91;15.845787525177002;14-27;Double bit-flip
nfeatures;kmeans_clustering.c;118;20.226806640625;14-27;Double bit-flip
clusters_dup;kmeans_clustering.c;132;15.49370002746582;14-27;Double bit-flip
numdims;kmeans_clustering.c;103;19.41126561164856;14-27;Double bit-flip
new_centers;kmeans_clustering.c;131;16.391978979110718;14-27;Double bit-flip
cluster_centres;cluster.c;86;16.208739280700684;14-27;Double bit-flip
cluster_centres;cluster.c;86;15.430843591690063;14-27;Double bit-flip
index;kmeans_clustering.c;129;18.178823471069336;14-27;Double bit-flip
nclusters;kmeans.c;153;18.96973729133606;14-27;Double bit-flip
numAttributes;kmeans.c;203;20.529973030090332;14-27;Double bit-flip
cluster_centres;cluster.c;86;17.84070587158203;14-27;Double bit-flip
nclusters;kmeans.c;153;18.941036462783813;14-27;Double bit-flip
pt1;kmeans_clustering.c;101;20.486324787139893;14-27;Double bit-flip
npts;kmeans_clustering.c;81;17.838832139968872;14-27;Double bit-flip
pt2;kmeans_clustering.c;102;20.191577196121216;14-27;Double bit-flip
partial_new_centers;kmeans_clustering.c;139;18.568946599960327;14-27;Double bit-flip
i;kmeans_clustering.c;105;15.08514666557312;14-27;Double bit-flip
npts;kmeans_clustering.c;81;15.402283668518066;14-27;Double bit-flip
npts;kmeans_clustering.c;81;23.07881498336792;14-27;Double bit-flip
pts;kmeans_clustering.c;80;15.176693439483643;14-27;Double bit-flip
out_filename;kmeans.c;155;15.045082330703735;14-27;Double bit-flip
i;kmeans_clustering.c;83;15.57512640953064;14-27;Double bit-flip
pts;kmeans_clustering.c;80;18.694944143295288;14-27;Double bit-flip
nfeatures;kmeans_clustering.c;79;16.55235195159912;14-27;Double bit-flip
numdims;kmeans_clustering.c;103;16.857184410095215;14-27;Double bit-flip
pt2;kmeans_clustering.c;102;17.58237910270691;14-27;Double bit-flip
nfeatures;kmeans_clustering.c;79;16.11776351928711;14-27;Double bit-flip
membership;kmeans_clustering.c;124;17.059446334838867;14-27;Double bit-flip
out_filename;kmeans.c;155;15.377190351486206;14-27;Double bit-flip
cluster_centres_dup;kmeans.c;204;21.164710760116577;14-27;Double bit-flip
clusters_dup_temp;kmeans_clustering.c;126;17.177061080932617;14-27;Double bit-flip
i;kmeans_clustering.c;129;17.910553455352783;14-27;Double bit-flip
membership;kmeans_clustering.c;124;15.483024835586548;14-27;Double bit-flip
pt1;kmeans_clustering.c;101;24.42306613922119;14-27;Double bit-flip
tid;kmeans_clustering.c;221;18.187800407409668;14-27;Double bit-flip
cluster_centres_dup;cluster.c;87;15.47989296913147;14-27;Double bit-flip
pts;kmeans_clustering.c;80;21.5730082988739;14-27;Double bit-flip
feature_dup;kmeans_clustering.c;117;15.069342374801636;14-27;Double bit-flip
membership;kmeans_clustering.c;124;17.035566091537476;14-27;Double bit-flip
partial_new_centers;kmeans_clustering.c;139;16.091816186904907;14-27;Double bit-flip
cluster_centres;kmeans.c;204;23.513824224472046;14-27;Double bit-flip
tid;kmeans_clustering.c;221;17.7952082157135;14-27;Double bit-flip
i;kmeans_clustering.c;105;16.421878814697266;14-27;Double bit-flip
pts;kmeans_clustering.c;80;17.311624765396118;14-27;Double bit-flip
index;kmeans_clustering.c;83;17.696778297424316;14-27;Double bit-flip
nthreads;kmeans_clustering.c;137;23.53503441810608;14-27;Double bit-flip
membership;cluster.c;91;16.241986751556396;14-27;Double bit-flip
nfeatures;kmeans_clustering.c;118;19.34571599960327;14-27;Double bit-flip
npoints;kmeans_clustering.c;120;14.547176837921143;14-27;Double bit-flip
npts;kmeans_clustering.c;81;14.033129692077637;14-27;Double bit-flip
partial_new_centers;kmeans_clustering.c;139;16.13296937942505;14-27;Double bit-flip
membership;cluster.c;91;19.14272117614746;14-27;Double bit-flip
index;kmeans_clustering.c;83;16.432884693145752;14-27;Double bit-flip
cluster_centres;cluster.c;86;16.284685134887695;14-27;Double bit-flip
partial_new_centers;kmeans_clustering.c;139;18.92353582382202;14-27;Double bit-flip
partial_new_centers;kmeans_clustering.c;139;19.881896495819092;14-27;Double bit-flip
clusters_dup;kmeans_clustering.c;132;18.524047374725342;14-27;Double bit-flip
cluster_centres_dup;kmeans.c;204;15.746261358261108;14-27;Double bit-flip
clusters_dup_temp;kmeans_clustering.c;126;20.206225872039795;14-27;Double bit-flip
clusters_temp;kmeans_clustering.c;125;21.093604564666748;14-27;Double bit-flip
nclusters;kmeans_clustering.c;121;15.813939809799194;14-27;Double bit-flip
out_filename;kmeans.c;155;17.196490049362183;14-27;Double bit-flip
pt1;kmeans_clustering.c;101;20.033287286758423;14-27;Double bit-flip
numdims;kmeans_clustering.c;103;18.51209306716919;14-27;Double bit-flip
nclusters;kmeans.c;153;14.70936632156372;14-27;Double bit-flip
npts;kmeans_clustering.c;81;21.184858798980713;14-27;Double bit-flip
cluster_centres;cluster.c;86;15.118368148803711;14-27;Double bit-flip
nfeatures_dup;kmeans_clustering.c;119;15.249841213226318;14-27;Double bit-flip
pt1;kmeans_clustering.c;101;21.560356616973877;14-27;Double bit-flip
clusters;kmeans_clustering.c;132;21.945015907287598;14-27;Double bit-flip
new_centers;kmeans_clustering.c;131;18.49399709701538;14-27;Double bit-flip
npoints;kmeans_clustering.c;120;22.21176838874817;14-27;Double bit-flip
partial_new_centers_dup;kmeans_clustering.c;139;15.884420394897461;14-27;Double bit-flip
nthreads_dup;kmeans_clustering.c;137;16.24348211288452;14-27;Double bit-flip
cluster_centres;cluster.c;86;16.386686325073242;14-27;Double bit-flip
tid;kmeans_clustering.c;221;16.386590719223022;14-27;Double bit-flip
clusters_temp;kmeans_clustering.c;125;25.538564443588257;14-27;Double bit-flip
pts;kmeans_clustering.c;80;17.922908544540405;14-27;Double bit-flip
nthreads;kmeans_clustering.c;137;19.706007480621338;14-27;Double bit-flip
clusters_temp;kmeans_clustering.c;125;15.027899742126465;14-27;Double bit-flip
npts;kmeans_clustering.c;81;14.933002948760986;14-27;Double bit-flip
tid;kmeans_clustering.c;221;17.796597957611084;14-27;Double bit-flip
out_filename;kmeans.c;155;15.372051239013672;14-27;Double bit-flip
clusters_temp;kmeans_clustering.c;125;14.547335147857666;14-27;Double bit-flip
i;kmeans_clustering.c;83;21.135409116744995;14-27;Double bit-flip
npts;kmeans_clustering.c;81;15.271475076675415;14-27;Double bit-flip
cluster_centres;cluster.c;86;17.3494930267334;14-27;Double bit-flip
numdims;kmeans_clustering.c;103;17.08627462387085;14-27;Double bit-flip
membership;cluster.c;91;20.327017784118652;14-27;Double bit-flip
new_centers_dup;kmeans_clustering.c;131;16.073994636535645;14-27;Double bit-flip
cluster_centres_dup;cluster.c;87;16.77621030807495;14-27;Double bit-flip
nfeatures;kmeans_clustering.c;79;24.435734748840332;14-27;Double bit-flip
attributes_dup;kmeans.c;202;16.110352277755737;14-27;Double bit-flip
pt2;kmeans_clustering.c;102;19.164024829864502;14-27;Double bit-flip
cluster_centres_dup;cluster.c;87;14.946889162063599;14-27;Double bit-flip
membership;cluster.c;91;16.718302011489868;14-27;Double bit-flip
index;kmeans_clustering.c;129;21.07297372817993;14-27;Double bit-flip
cluster_centres;kmeans.c;204;21.063637495040894;14-27;Double bit-flip
clusters_dup;kmeans_clustering.c;132;18.287107706069946;14-27;Double bit-flip
attributes;cluster.c;81;15.170823335647583;14-27;Double bit-flip
nclusters_dup;kmeans_clustering.c;122;14.582252025604248;14-27;Double bit-flip
nclusters;kmeans_clustering.c;121;19.447519063949585;14-27;Double bit-flip
nclusters_dup;kmeans_clustering.c;122;19.19321846961975;14-27;Double bit-flip
membership;kmeans_clustering.c;124;14.825165510177612;14-27;Double bit-flip
nfeatures;kmeans_clustering.c;79;16.596059322357178;14-27;Double bit-flip
nclusters_dup;kmeans_clustering.c;122;19.17252230644226;14-27;Double bit-flip
tid;kmeans_clustering.c;221;15.384390592575073;14-27;Double bit-flip
numAttributes;kmeans.c;203;15.991890907287598;14-27;Double bit-flip
numAttributes;kmeans.c;203;25.246153354644775;14-27;Double bit-flip
nclusters_dup;kmeans_clustering.c;122;15.990071058273315;14-27;Double bit-flip
nclusters;kmeans_clustering.c;121;17.782798767089844;14-27;Double bit-flip
i;kmeans_clustering.c;105;17.603718996047974;14-27;Double bit-flip
pt1;kmeans_clustering.c;101;15.469949960708618;14-27;Double bit-flip
nclusters_dup;kmeans_clustering.c;122;19.421945095062256;14-27;Double bit-flip
nclusters;kmeans_clustering.c;121;16.768059492111206;14-27;Double bit-flip
cluster_centres;cluster.c;86;15.37969708442688;14-27;Double bit-flip
i;kmeans_clustering.c;105;14.411304235458374;14-27;Double bit-flip
npts;kmeans_clustering.c;81;14.878528118133545;14-27;Double bit-flip
nclusters;kmeans_clustering.c;121;15.75446367263794;14-27;Double bit-flip
nclusters_dup;kmeans_clustering.c;122;14.265064716339111;14-27;Double bit-flip
nclusters;kmeans_clustering.c;121;19.738231897354126;14-27;Double bit-flip
nfeatures;kmeans_clustering.c;79;17.200608253479004;14-27;Double bit-flip
feature_dup;kmeans_clustering.c;117;19.15677762031555;14-27;Double bit-flip
i;kmeans_clustering.c;129;20.13094687461853;14-27;Double bit-flip
partial_new_centers;kmeans_clustering.c;139;15.585270643234253;14-27;Double bit-flip
tid;kmeans_clustering.c;221;18.89922571182251;14-27;Double bit-flip
numAttributes;kmeans.c;203;18.639601707458496;14-27;Double bit-flip
nclusters;kmeans_clustering.c;121;25.107065439224243;14-27;Double bit-flip
index;kmeans_clustering.c;129;25.190589427947998;14-27;Double bit-flip
numdims;kmeans_clustering.c;103;15.815606594085693;14-27;Double bit-flip
nthreads_dup;kmeans_clustering.c;137;18.401803731918335;14-27;Double bit-flip
nfeatures;kmeans_clustering.c;79;18.62889313697815;14-27;Double bit-flip
pts;kmeans_clustering.c;80;19.783639669418335;14-27;Double bit-flip
new_centers_len_dup;kmeans_clustering.c;130;15.450222492218018;14-27;Double bit-flip
pts;kmeans_clustering.c;80;19.64864206314087;14-27;Double bit-flip
numdims;kmeans_clustering.c;103;15.266725778579712;14-27;Double bit-flip
cluster_centres;cluster.c;86;17.539227962493896;14-27;Double bit-flip
cluster_centres_dup;kmeans.c;204;16.96129560470581;14-27;Double bit-flip
index;kmeans_clustering.c;129;14.981036186218262;14-27;Double bit-flip
clusters_dup;kmeans_clustering.c;132;16.32425856590271;14-27;Double bit-flip
npts;kmeans_clustering.c;81;25.196475982666016;14-27;Double bit-flip
nclusters;kmeans_clustering.c;121;15.013331651687622;14-27;Double bit-flip
pts;kmeans_clustering.c;80;15.998250246047974;14-27;Double bit-flip
clusters;kmeans_clustering.c;132;15.255011320114136;14-27;Double bit-flip
tid;kmeans_clustering.c;221;20.810880661010742;14-27;Double bit-flip
cluster_centres_dup;cluster.c;87;15.976205825805664;14-27;Double bit-flip
i;kmeans_clustering.c;105;15.1373770236969;14-27;Double bit-flip
clusters;kmeans_clustering.c;132;15.56906270980835;14-27;Double bit-flip
nclusters;kmeans.c;153;18.680477142333984;14-27;Double bit-flip
index;kmeans_clustering.c;83;19.216355800628662;14-27;Double bit-flip
nfeatures;kmeans_clustering.c;118;16.97452974319458;14-27;Double bit-flip
clusters;kmeans_clustering.c;132;14.423290729522705;14-27;Double bit-flip
cluster_centres;cluster.c;86;17.823500156402588;14-27;Double bit-flip
partial_new_centers_len_dup;kmeans_clustering.c;138;21.068605184555054;14-27;Double bit-flip
new_centers_len_dup;kmeans_clustering.c;130;14.905924558639526;14-27;Double bit-flip
nclusters;kmeans.c;153;16.85838532447815;14-27;Double bit-flip
tid;kmeans_clustering.c;221;29.51406717300415;28-41;Random bit-flip
partial_new_centers_len;kmeans_clustering.c;138;30.19472908973694;28-41;Random bit-flip
pt2;kmeans_clustering.c;102;33.450530767440796;28-41;Random bit-flip
partial_new_centers_len_dup;kmeans_clustering.c;138;31.17846393585205;28-41;Random bit-flip
i;kmeans_clustering.c;105;30.36799716949463;28-41;Random bit-flip
clusters;kmeans_clustering.c;132;28.1437566280365;28-41;Random bit-flip
numdims;kmeans_clustering.c;103;29.4025137424469;28-41;Random bit-flip
cluster_centres_dup;cluster.c;87;34.17488121986389;28-41;Random bit-flip
cluster_centres;kmeans.c;204;29.992557525634766;28-41;Random bit-flip
numAttributes;kmeans.c;203;32.38492822647095;28-41;Random bit-flip
nclusters;kmeans_clustering.c;121;29.809534072875977;28-41;Random bit-flip
cluster_centres;cluster.c;86;28.88456439971924;28-41;Random bit-flip
i;kmeans_clustering.c;129;33.65521764755249;28-41;Random bit-flip
npoints;kmeans_clustering.c;120;37.228655099868774;28-41;Random bit-flip
cluster_centres;cluster.c;86;34.019113063812256;28-41;Random bit-flip
nclusters;kmeans_clustering.c;121;31.001238346099854;28-41;Random bit-flip
pt;kmeans_clustering.c;78;33.486961126327515;28-41;Random bit-flip
attributes;cluster.c;81;31.13082504272461;28-41;Random bit-flip
feature;kmeans_clustering.c;116;33.76124620437622;28-41;Random bit-flip
new_centers_dup;kmeans_clustering.c;131;28.41285514831543;28-41;Random bit-flip
tid;kmeans_clustering.c;221;32.62168335914612;28-41;Random bit-flip
feature_dup;kmeans_clustering.c;117;32.652620792388916;28-41;Random bit-flip
pts;kmeans_clustering.c;80;30.262442111968994;28-41;Random bit-flip
pts;kmeans_clustering.c;80;34.228358030319214;28-41;Random bit-flip
npoints;kmeans_clustering.c;120;29.292449474334717;28-41;Random bit-flip
cluster_centres_dup;kmeans.c;204;31.247663497924805;28-41;Random bit-flip
nfeatures;kmeans_clustering.c;118;33.23962950706482;28-41;Random bit-flip
i;kmeans_clustering.c;83;32.521082639694214;28-41;Random bit-flip
cluster_centres;cluster.c;86;33.090099811553955;28-41;Random bit-flip
new_centers_len_dup;kmeans_clustering.c;130;31.286237955093384;28-41;Random bit-flip
partial_new_centers_len_dup;kmeans_clustering.c;138;33.25579905509949;28-41;Random bit-flip
partial_new_centers_len;kmeans_clustering.c;138;30.086548805236816;28-41;Random bit-flip
j;kmeans_clustering.c;129;32.06007528305054;28-41;Random bit-flip
nfeatures;kmeans_clustering.c;118;29.651405334472656;28-41;Random bit-flip
cluster_centres;cluster.c;86;32.78728723526001;28-41;Random bit-flip
nfeatures;kmeans_clustering.c;79;33.8746235370636;28-41;Random bit-flip
numAttributes;kmeans.c;203;34.83179020881653;28-41;Random bit-flip
pts;kmeans_clustering.c;80;33.38993430137634;28-41;Random bit-flip
feature_dup;kmeans_clustering.c;117;38.675302505493164;28-41;Random bit-flip
nthreads_dup;kmeans_clustering.c;137;32.37083673477173;28-41;Random bit-flip
cluster_centres;cluster.c;86;32.32590413093567;28-41;Random bit-flip
attributes;cluster.c;81;33.547279834747314;28-41;Random bit-flip
numdims;kmeans_clustering.c;103;32.19128465652466;28-41;Random bit-flip
cluster_centres_dup;kmeans.c;204;33.78474402427673;28-41;Random bit-flip
index;kmeans_clustering.c;83;28.48999261856079;28-41;Random bit-flip
i;kmeans_clustering.c;105;37.584644079208374;28-41;Random bit-flip
partial_new_centers_len_dup;kmeans_clustering.c;138;29.2626371383667;28-41;Random bit-flip
clusters_dup;kmeans_clustering.c;132;30.979944944381714;28-41;Random bit-flip
clusters_temp;kmeans_clustering.c;125;34.10998058319092;28-41;Random bit-flip
i;kmeans_clustering.c;105;35.14578342437744;28-41;Random bit-flip
numdims;kmeans_clustering.c;103;31.85364818572998;28-41;Random bit-flip
nclusters;kmeans_clustering.c;121;29.40532612800598;28-41;Random bit-flip
partial_new_centers;kmeans_clustering.c;139;29.437639951705933;28-41;Random bit-flip
pt2;kmeans_clustering.c;102;35.11061501502991;28-41;Random bit-flip
cluster_centres;cluster.c;86;29.241242170333862;28-41;Random bit-flip
attributes_dup;kmeans.c;202;31.33144736289978;28-41;Random bit-flip
membership;kmeans_clustering.c;124;29.654069423675537;28-41;Random bit-flip
clusters;kmeans_clustering.c;132;29.25466775894165;28-41;Random bit-flip
numdims;kmeans_clustering.c;103;32.50943684577942;28-41;Random bit-flip
npts;kmeans_clustering.c;81;28.795182704925537;28-41;Random bit-flip
partial_new_centers;kmeans_clustering.c;139;28.603721618652344;28-41;Random bit-flip
tid;kmeans_clustering.c;221;31.841902256011963;28-41;Random bit-flip
clusters_temp;kmeans_clustering.c;125;28.867528200149536;28-41;Random bit-flip
index;kmeans_clustering.c;83;28.757506132125854;28-41;Random bit-flip
nclusters;kmeans_clustering.c;121;31.535058975219727;28-41;Random bit-flip
partial_new_centers_len;kmeans_clustering.c;138;33.10071420669556;28-41;Random bit-flip
out_filename;kmeans.c;155;31.926918983459473;28-41;Random bit-flip
nfeatures;kmeans_clustering.c;118;29.55306887626648;28-41;Random bit-flip
new_centers_len_dup;kmeans_clustering.c;130;34.487427711486816;28-41;Random bit-flip
cluster_centres;kmeans.c;204;28.360563278198242;28-41;Random bit-flip
feature;kmeans_clustering.c;116;30.33860158920288;28-41;Random bit-flip
membership;cluster.c;91;32.76385283470154;28-41;Random bit-flip
i;kmeans_clustering.c;129;30.98578143119812;28-41;Random bit-flip
nclusters;kmeans_clustering.c;121;32.36352491378784;28-41;Random bit-flip
j;kmeans_clustering.c;129;34.557595014572144;28-41;Random bit-flip
i;kmeans_clustering.c;129;30.287861108779907;28-41;Random bit-flip
cluster_centres;cluster.c;86;33.49773406982422;28-41;Random bit-flip
npoints;kmeans_clustering.c;120;30.242687225341797;28-41;Random bit-flip
partial_new_centers_len;kmeans_clustering.c;138;32.17645788192749;28-41;Random bit-flip
index;kmeans_clustering.c;83;28.865650415420532;28-41;Random bit-flip
pt2;kmeans_clustering.c;102;29.778698444366455;28-41;Random bit-flip
pts;kmeans_clustering.c;80;37.916605710983276;28-41;Random bit-flip
j;kmeans_clustering.c;129;28.708683013916016;28-41;Random bit-flip
cluster_centres;cluster.c;86;32.745392084121704;28-41;Random bit-flip
new_centers_dup;kmeans_clustering.c;131;32.54034447669983;28-41;Random bit-flip
partial_new_centers_len;kmeans_clustering.c;138;29.23285746574402;28-41;Random bit-flip
out_filename;kmeans.c;155;32.97816801071167;28-41;Random bit-flip
nfeatures;kmeans_clustering.c;118;30.865989208221436;28-41;Random bit-flip
pt;kmeans_clustering.c;78;28.510856866836548;28-41;Random bit-flip
partial_new_centers_len;kmeans_clustering.c;138;30.358771800994873;28-41;Random bit-flip
membership;cluster.c;91;29.163044452667236;28-41;Random bit-flip
feature;kmeans_clustering.c;116;29.904775857925415;28-41;Random bit-flip
cluster_centres_dup;cluster.c;87;30.482993602752686;28-41;Random bit-flip
nfeatures;kmeans_clustering.c;118;29.45680832862854;28-41;Random bit-flip
num_omp_threads;kmeans.c;86;31.453341007232666;28-41;Random bit-flip
npts;kmeans_clustering.c;81;31.784265279769897;28-41;Random bit-flip
nclusters_dup;kmeans_clustering.c;122;34.98984932899475;28-41;Random bit-flip
i;kmeans_clustering.c;129;31.713656187057495;28-41;Random bit-flip
feature;kmeans_clustering.c;116;32.34097743034363;28-41;Random bit-flip
nclusters;kmeans_clustering.c;121;30.129884958267212;28-41;Random bit-flip
tid;kmeans_clustering.c;221;29.46408724784851;28-41;Random bit-flip
i;kmeans_clustering.c;105;35.97973608970642;28-41;Random bit-flip
j;kmeans_clustering.c;129;33.70366048812866;28-41;Random bit-flip
i;kmeans_clustering.c;129;35.209287881851196;28-41;Random bit-flip
cluster_centres;kmeans.c;204;32.15747046470642;28-41;Random bit-flip
nfeatures;kmeans_clustering.c;79;29.657623529434204;28-41;Random bit-flip
out_filename;kmeans.c;155;31.333288192749023;28-41;Random bit-flip
nfeatures;kmeans_clustering.c;79;31.560800552368164;28-41;Random bit-flip
feature_dup;kmeans_clustering.c;117;30.26683259010315;28-41;Random bit-flip
pt1;kmeans_clustering.c;101;34.27256226539612;28-41;Random bit-flip
pt2;kmeans_clustering.c;102;28.354280948638916;28-41;Random bit-flip
i;kmeans_clustering.c;105;32.843578815460205;28-41;Random bit-flip
i;kmeans_clustering.c;129;30.74583625793457;28-41;Random bit-flip
feature;kmeans_clustering.c;116;29.294886112213135;28-41;Random bit-flip
num_omp_threads;kmeans.c;86;33.352025270462036;28-41;Random bit-flip
nclusters;kmeans_clustering.c;121;29.84275221824646;28-41;Random bit-flip
feature_dup;kmeans_clustering.c;117;29.016265630722046;28-41;Random bit-flip
pt1;kmeans_clustering.c;101;31.346467971801758;28-41;Random bit-flip
npts;kmeans_clustering.c;81;36.82126474380493;28-41;Random bit-flip
nclusters;kmeans.c;153;31.080963373184204;28-41;Random bit-flip
nfeatures;kmeans_clustering.c;79;28.605013847351074;28-41;Random bit-flip
i;kmeans_clustering.c;129;36.403260231018066;28-41;Random bit-flip
clusters_dup;kmeans_clustering.c;132;38.24322295188904;28-41;Random bit-flip
numdims;kmeans_clustering.c;103;32.6384015083313;28-41;Random bit-flip
clusters_dup_temp;kmeans_clustering.c;126;31.416237592697144;28-41;Random bit-flip
tid;kmeans_clustering.c;221;29.495665550231934;28-41;Random bit-flip
numdims;kmeans_clustering.c;103;28.325393438339233;28-41;Random bit-flip
i;kmeans_clustering.c;129;29.93815541267395;28-41;Random bit-flip
pt2;kmeans_clustering.c;102;30.709031105041504;28-41;Random bit-flip
nfeatures;kmeans_clustering.c;118;30.868281364440918;28-41;Random bit-flip
tid;kmeans_clustering.c;221;30.127645015716553;28-41;Random bit-flip
pt;kmeans_clustering.c;78;34.51872992515564;28-41;Random bit-flip
i;kmeans_clustering.c;105;34.52997398376465;28-41;Random bit-flip
pts;kmeans_clustering.c;80;32.54110932350159;28-41;Random bit-flip
j;kmeans_clustering.c;129;34.20617151260376;28-41;Random bit-flip
clusters_dup_temp;kmeans_clustering.c;126;29.419663667678833;28-41;Random bit-flip
out_filename;kmeans.c;155;35.49288511276245;28-41;Random bit-flip
numdims;kmeans_clustering.c;103;35.02324986457825;28-41;Random bit-flip
nclusters;kmeans.c;153;32.6874680519104;28-41;Random bit-flip
membership;cluster.c;91;32.5118510723114;28-41;Random bit-flip
nfeatures;kmeans_clustering.c;118;28.99918246269226;28-41;Random bit-flip
tid;kmeans_clustering.c;221;40.9255428314209;28-41;Random bit-flip
feature;kmeans_clustering.c;116;29.720983028411865;28-41;Random bit-flip
nclusters;kmeans_clustering.c;121;29.05389904975891;28-41;Random bit-flip
out_filename;kmeans.c;155;30.221056938171387;28-41;Random bit-flip
i;kmeans_clustering.c;83;34.41880512237549;28-41;Random bit-flip
pt1;kmeans_clustering.c;101;37.99016571044922;28-41;Random bit-flip
i;kmeans_clustering.c;129;31.43767285346985;28-41;Random bit-flip
numdims;kmeans_clustering.c;103;29.481627464294434;28-41;Random bit-flip
membership;cluster.c;91;31.779539108276367;28-41;Random bit-flip
cluster_centres;cluster.c;86;36.48294997215271;28-41;Random bit-flip
nfeatures;kmeans_clustering.c;79;31.86938214302063;28-41;Random bit-flip
tid;kmeans_clustering.c;221;31.217787504196167;28-41;Random bit-flip
pts;kmeans_clustering.c;80;33.00139546394348;28-41;Random bit-flip
cluster_centres;cluster.c;86;36.741188049316406;28-41;Random bit-flip
cluster_centres;cluster.c;86;29.74470829963684;28-41;Random bit-flip
nclusters;kmeans_clustering.c;121;33.030115365982056;28-41;Random bit-flip
i;kmeans_clustering.c;105;33.922590494155884;28-41;Random bit-flip
pt;kmeans_clustering.c;78;33.45898365974426;28-41;Random bit-flip
cluster_centres_dup;cluster.c;87;31.37769842147827;28-41;Random bit-flip
tid;kmeans_clustering.c;221;31.74177861213684;28-41;Random bit-flip
i;kmeans_clustering.c;129;33.80327558517456;28-41;Random bit-flip
new_centers_dup;kmeans_clustering.c;131;28.470147609710693;28-41;Random bit-flip
partial_new_centers;kmeans_clustering.c;139;30.3825626373291;28-41;Random bit-flip
feature_dup;kmeans_clustering.c;117;30.912808656692505;28-41;Random bit-flip
i;kmeans_clustering.c;105;29.662822246551514;28-41;Random bit-flip
cluster_centres_dup;cluster.c;87;31.6820387840271;28-41;Random bit-flip
i;kmeans_clustering.c;83;29.940674543380737;28-41;Random bit-flip
npts;kmeans_clustering.c;81;35.06673860549927;28-41;Random bit-flip
nfeatures;kmeans_clustering.c;79;29.95739483833313;28-41;Random bit-flip
new_centers;kmeans_clustering.c;131;29.550106048583984;28-41;Random bit-flip
cluster_centres_dup;kmeans.c;204;29.03589391708374;28-41;Random bit-flip
partial_new_centers_len;kmeans_clustering.c;138;35.01104760169983;28-41;Random bit-flip
npoints;kmeans_clustering.c;120;31.969836473464966;28-41;Random bit-flip
partial_new_centers_len;kmeans_clustering.c;138;29.438519954681396;28-41;Random bit-flip
nclusters;kmeans.c;153;28.526092529296875;28-41;Random bit-flip
feature_dup;kmeans_clustering.c;117;30.66474461555481;28-41;Random bit-flip
membership;kmeans_clustering.c;124;28.77327299118042;28-41;Random bit-flip
new_centers_len_dup;kmeans_clustering.c;130;31.6668598651886;28-41;Random bit-flip
cluster_centres_dup;kmeans.c;204;32.268240213394165;28-41;Random bit-flip
pts;kmeans_clustering.c;80;29.55150079727173;28-41;Random bit-flip
attributes_dup;kmeans.c;202;34.45753502845764;28-41;Random bit-flip
nfeatures;kmeans_clustering.c;79;30.453914403915405;28-41;Random bit-flip
cluster_centres_dup;cluster.c;87;32.71297574043274;28-41;Random bit-flip
clusters;kmeans_clustering.c;132;29.775553703308105;28-41;Random bit-flip
out_filename;kmeans.c;155;29.27830743789673;28-41;Random bit-flip
npoints;kmeans_clustering.c;120;28.29718565940857;28-41;Random bit-flip
num_omp_threads;kmeans.c;86;30.478121757507324;28-41;Random bit-flip
attributes;cluster.c;81;29.447034120559692;28-41;Random bit-flip
i;kmeans_clustering.c;105;35.641992807388306;28-41;Random bit-flip
npts;kmeans_clustering.c;81;29.801663398742676;28-41;Random bit-flip
pt2;kmeans_clustering.c;102;35.6001079082489;28-41;Random bit-flip
cluster_centres;cluster.c;86;30.42776870727539;28-41;Random bit-flip
clusters_dup_temp;kmeans_clustering.c;126;31.527226448059082;28-41;Random bit-flip
nfeatures;kmeans_clustering.c;118;32.33917021751404;28-41;Random bit-flip
partial_new_centers_len;kmeans_clustering.c;138;33.33752679824829;28-41;Random bit-flip
out_filename;kmeans.c;155;29.63597273826599;28-41;Random bit-flip
partial_new_centers;kmeans_clustering.c;139;33.703673362731934;28-41;Random bit-flip
i;kmeans_clustering.c;105;33.22016906738281;28-41;Random bit-flip
nfeatures;kmeans_clustering.c;79;31.82005262374878;28-41;Random bit-flip
i;kmeans_clustering.c;105;31.88544487953186;28-41;Random bit-flip
pts;kmeans_clustering.c;80;29.315800428390503;28-41;Random bit-flip
clusters;kmeans_clustering.c;132;33.94654369354248;28-41;Random bit-flip
pts;kmeans_clustering.c;80;30.95485496520996;28-41;Random bit-flip
clusters_temp;kmeans_clustering.c;125;29.249105215072632;28-41;Random bit-flip
membership;kmeans_clustering.c;124;37.82267951965332;28-41;Random bit-flip
cluster_centres;kmeans.c;204;28.05530309677124;28-41;Random bit-flip
numdims;kmeans_clustering.c;103;36.68297219276428;28-41;Random bit-flip
clusters;kmeans_clustering.c;132;33.14194631576538;28-41;Random bit-flip
clusters_dup;kmeans_clustering.c;132;33.37564969062805;28-41;Random bit-flip
nthreads_dup;kmeans_clustering.c;137;32.426199197769165;28-41;Random bit-flip
npts;kmeans_clustering.c;81;32.679078578948975;28-41;Random bit-flip
i;kmeans_clustering.c;129;33.55141496658325;28-41;Random bit-flip
membership;kmeans_clustering.c;124;28.892751693725586;28-41;Random bit-flip
membership;kmeans_clustering.c;124;30.89399242401123;28-41;Random bit-flip
cluster_centres_dup;cluster.c;87;28.20621156692505;28-41;Random bit-flip
cluster_centres_dup;cluster.c;87;30.16403365135193;28-41;Random bit-flip
pt1;kmeans_clustering.c;101;30.609835863113403;28-41;Random bit-flip
numdims;kmeans_clustering.c;103;28.695985555648804;28-41;Random bit-flip
attributes;cluster.c;81;28.651403188705444;28-41;Random bit-flip
nfeatures;kmeans_clustering.c;79;29.0068941116333;28-41;Random bit-flip
pt;kmeans_clustering.c;78;30.58242678642273;28-41;Random bit-flip
nclusters;kmeans_clustering.c;121;34.94565987586975;28-41;Random bit-flip
attributes;cluster.c;81;33.55375528335571;28-41;Random bit-flip
pt2;kmeans_clustering.c;102;29.180156707763672;28-41;Random bit-flip
nfeatures;kmeans_clustering.c;118;36.55150604248047;28-41;Random bit-flip
nclusters;kmeans.c;153;33.12299919128418;28-41;Random bit-flip
attributes;cluster.c;81;30.163764238357544;28-41;Random bit-flip
nclusters;kmeans_clustering.c;121;29.265387773513794;28-41;Random bit-flip
pt;kmeans_clustering.c;78;33.362592935562134;28-41;Random bit-flip
partial_new_centers;kmeans_clustering.c;139;30.254762649536133;28-41;Random bit-flip
cluster_centres;cluster.c;86;29.169549465179443;28-41;Random bit-flip
i;kmeans_clustering.c;105;34.89006185531616;28-41;Random bit-flip
membership;cluster.c;91;29.479377031326294;28-41;Random bit-flip
attributes_dup;kmeans.c;202;33.50287222862244;28-41;Random bit-flip
num_omp_threads;kmeans.c;86;30.63808846473694;28-41;Random bit-flip
clusters_dup_temp;kmeans_clustering.c;126;32.20384740829468;28-41;Random bit-flip
pt1;kmeans_clustering.c;101;30.41622757911682;28-41;Random bit-flip
tid;kmeans_clustering.c;221;29.53808832168579;28-41;Random bit-flip
pt1;kmeans_clustering.c;101;31.54172945022583;28-41;Random bit-flip
nthreads;kmeans_clustering.c;137;29.81040644645691;28-41;Random bit-flip
pt1;kmeans_clustering.c;101;29.296867609024048;28-41;Random bit-flip
pt2;kmeans_clustering.c;102;31.10559868812561;28-41;Random bit-flip
pt1;kmeans_clustering.c;101;29.31462550163269;28-41;Random bit-flip
numAttributes;kmeans.c;203;37.48139452934265;28-41;Random bit-flip
new_centers_dup;kmeans_clustering.c;131;34.98059272766113;28-41;Random bit-flip
membership;kmeans_clustering.c;124;28.736391305923462;28-41;Random bit-flip
attributes_dup;kmeans.c;202;32.76554608345032;28-41;Random bit-flip
feature_dup;kmeans_clustering.c;117;30.42447018623352;28-41;Random bit-flip
i;kmeans_clustering.c;83;28.928212881088257;28-41;Random bit-flip
nfeatures;kmeans_clustering.c;118;35.649425983428955;28-41;Random bit-flip
membership;kmeans_clustering.c;124;29.132147312164307;28-41;Random bit-flip
nclusters;kmeans_clustering.c;121;29.792731523513794;28-41;Random bit-flip
partial_new_centers;kmeans_clustering.c;139;28.872275352478027;28-41;Random bit-flip
feature_dup;kmeans_clustering.c;117;30.659157037734985;28-41;Random bit-flip
pt1;kmeans_clustering.c;101;33.31033420562744;28-41;Random bit-flip
out_filename;kmeans.c;155;28.48039436340332;28-41;Random bit-flip
attributes_dup;cluster.c;82;33.17818856239319;28-41;Random bit-flip
pt;kmeans_clustering.c;78;29.046776294708252;28-41;Random bit-flip
feature;kmeans_clustering.c;116;36.95109724998474;28-41;Random bit-flip
num_omp_threads;kmeans.c;86;31.490461349487305;28-41;Random bit-flip
numAttributes;kmeans.c;203;29.944695472717285;28-41;Random bit-flip
partial_new_centers_len_dup;kmeans_clustering.c;138;32.638915061950684;28-41;Random bit-flip
index;kmeans_clustering.c;129;29.999807596206665;28-41;Random bit-flip
cluster_centres;kmeans.c;204;34.00753307342529;28-41;Random bit-flip
attributes_dup;cluster.c;82;32.22468614578247;28-41;Random bit-flip
nthreads;kmeans_clustering.c;137;29.056029319763184;28-41;Random bit-flip
pt1;kmeans_clustering.c;101;30.473519563674927;28-41;Random bit-flip
pt1;kmeans_clustering.c;101;29.386343479156494;28-41;Random bit-flip
partial_new_centers_len_dup;kmeans_clustering.c;138;29.098787307739258;28-41;Random bit-flip
feature;kmeans_clustering.c;116;29.700442790985107;28-41;Random bit-flip
pts;kmeans_clustering.c;80;31.766372203826904;28-41;Random bit-flip
partial_new_centers;kmeans_clustering.c;139;29.175386905670166;28-41;Random bit-flip
numAttributes;kmeans.c;203;31.00989580154419;28-41;Random bit-flip
cluster_centres_dup;kmeans.c;204;28.905288696289062;28-41;Random bit-flip
membership;kmeans_clustering.c;124;56.3572838306427;56-65;LSB bit-flip
attributes_dup;cluster.c;82;57.61717367172241;56-65;LSB bit-flip
cluster_centres_dup;cluster.c;87;59.19712781906128;56-65;LSB bit-flip
nfeatures_dup;kmeans_clustering.c;119;61.70371437072754;56-65;LSB bit-flip
numdims;kmeans_clustering.c;103;58.36985397338867;56-65;LSB bit-flip
i;kmeans_clustering.c;83;58.24974584579468;56-65;LSB bit-flip
pt;kmeans_clustering.c;78;57.75782561302185;56-65;LSB bit-flip
i;kmeans_clustering.c;129;57.80043864250183;56-65;LSB bit-flip
i;kmeans_clustering.c;105;59.711997509002686;56-65;LSB bit-flip
nfeatures;kmeans_clustering.c;79;61.07873725891113;56-65;LSB bit-flip
feature_dup;kmeans_clustering.c;117;58.432748317718506;56-65;LSB bit-flip
cluster_centres_dup;kmeans.c;204;56.58925652503967;56-65;LSB bit-flip
i;kmeans_clustering.c;105;60.366809368133545;56-65;LSB bit-flip
cluster_centres_dup;cluster.c;87;57.130894899368286;56-65;LSB bit-flip
nfeatures_dup;kmeans_clustering.c;119;62.40971827507019;56-65;LSB bit-flip
nclusters;kmeans.c;153;58.437443017959595;56-65;LSB bit-flip
clusters_dup;kmeans_clustering.c;132;56.42587995529175;56-65;LSB bit-flip
nclusters_dup;kmeans_clustering.c;122;60.6288058757782;56-65;LSB bit-flip
membership;cluster.c;91;57.103824853897095;56-65;LSB bit-flip
nfeatures_dup;kmeans_clustering.c;119;56.507182598114014;56-65;LSB bit-flip
feature_dup;kmeans_clustering.c;117;58.952250480651855;56-65;LSB bit-flip
tid;kmeans_clustering.c;277;58.80876922607422;56-65;LSB bit-flip
cluster_centres;cluster.c;86;58.79211688041687;56-65;LSB bit-flip
membership;kmeans_clustering.c;124;57.54574394226074;56-65;LSB bit-flip
nfeatures_dup;kmeans_clustering.c;119;57.976426124572754;56-65;LSB bit-flip
feature_dup;kmeans_clustering.c;117;59.02450203895569;56-65;LSB bit-flip
index_dup;kmeans_clustering.c;129;57.09039926528931;56-65;LSB bit-flip
cluster_centres_dup;kmeans.c;204;58.82422399520874;56-65;LSB bit-flip
i;kmeans_clustering.c;129;58.522021532058716;56-65;LSB bit-flip
npts;kmeans_clustering.c;81;61.550747871398926;56-65;LSB bit-flip
nclusters_dup;kmeans_clustering.c;122;62.54171919822693;56-65;LSB bit-flip
numAttributes;kmeans.c;203;57.51185655593872;56-65;LSB bit-flip
i;kmeans_clustering.c;83;56.9836311340332;56-65;LSB bit-flip
partial_new_centers_len_dup;kmeans_clustering.c;138;57.7004714012146;56-65;LSB bit-flip
membership;cluster.c;91;60.75950646400452;56-65;LSB bit-flip
npoints;kmeans_clustering.c;120;58.7744300365448;56-65;LSB bit-flip
i;kmeans_clustering.c;105;60.901113748550415;56-65;LSB bit-flip
index_dup;kmeans_clustering.c;129;62.38160562515259;56-65;LSB bit-flip
tid;kmeans_clustering.c;277;56.98536205291748;56-65;LSB bit-flip
nfeatures_dup;kmeans_clustering.c;119;57.032649517059326;56-65;LSB bit-flip
nfeatures_dup;kmeans_clustering.c;119;57.162301540374756;56-65;LSB bit-flip
clusters_dup;kmeans_clustering.c;132;57.79885149002075;56-65;LSB bit-flip
i;kmeans_clustering.c;83;58.588961601257324;56-65;LSB bit-flip
pt1;kmeans_clustering.c;101;57.48385262489319;56-65;LSB bit-flip
pts;kmeans_clustering.c;80;56.7903733253479;56-65;LSB bit-flip
attributes_dup;cluster.c;82;57.73621463775635;56-65;LSB bit-flip
new_centers_len;kmeans_clustering.c;130;58.91526126861572;56-65;LSB bit-flip
cluster_centres;cluster.c;86;59.31094765663147;56-65;LSB bit-flip
i;kmeans_clustering.c;105;56.52497148513794;56-65;LSB bit-flip
nfeatures_dup;kmeans_clustering.c;119;61.37110662460327;56-65;LSB bit-flip
nfeatures_dup;kmeans_clustering.c;119;57.67385959625244;56-65;LSB bit-flip
pt2;kmeans_clustering.c;102;58.449387073516846;56-65;LSB bit-flip
out_filename;kmeans.c;155;56.52437996864319;56-65;LSB bit-flip
pt;kmeans_clustering.c;78;57.039796113967896;56-65;LSB bit-flip
nfeatures;kmeans_clustering.c;79;57.15873098373413;56-65;LSB bit-flip
cluster_centres_dup;kmeans.c;204;57.85738778114319;56-65;LSB bit-flip
pt1;kmeans_clustering.c;101;61.24153804779053;56-65;LSB bit-flip
membership;cluster.c;91;57.76925873756409;56-65;LSB bit-flip
tid;kmeans_clustering.c;277;57.73725247383118;56-65;LSB bit-flip
partial_new_centers_dup;kmeans_clustering.c;139;58.171393394470215;56-65;LSB bit-flip
clusters_dup;kmeans_clustering.c;132;58.10753083229065;56-65;LSB bit-flip
pt1;kmeans_clustering.c;101;57.49723029136658;56-65;LSB bit-flip
pts;kmeans_clustering.c;80;58.24081778526306;56-65;LSB bit-flip
i;kmeans_clustering.c;105;57.30435919761658;56-65;LSB bit-flip
nclusters_dup;kmeans_clustering.c;122;56.97961091995239;56-65;LSB bit-flip
index;kmeans_clustering.c;83;58.333160161972046;56-65;LSB bit-flip
numdims;kmeans_clustering.c;103;60.70640730857849;56-65;LSB bit-flip
numdims;kmeans_clustering.c;103;62.61412286758423;56-65;LSB bit-flip
cluster_centres;kmeans.c;204;57.55622410774231;56-65;LSB bit-flip
partial_new_centers_dup;kmeans_clustering.c;139;57.982203245162964;56-65;LSB bit-flip
nthreads_dup;kmeans_clustering.c;137;56.88615369796753;56-65;LSB bit-flip
cluster_centres_dup;kmeans.c;204;56.97285342216492;56-65;LSB bit-flip
npts;kmeans_clustering.c;81;62.18460011482239;56-65;LSB bit-flip
clusters_dup;kmeans_clustering.c;132;60.448437213897705;56-65;LSB bit-flip
cluster_centres_dup;kmeans.c;204;58.79879426956177;56-65;LSB bit-flip
nthreads_dup;kmeans_clustering.c;137;57.133493423461914;56-65;LSB bit-flip
cluster_centres;cluster.c;86;57.48951816558838;56-65;LSB bit-flip
nfeatures_dup;kmeans_clustering.c;119;57.712615966796875;56-65;LSB bit-flip
pt1;kmeans_clustering.c;101;59.409560441970825;56-65;LSB bit-flip
pt2;kmeans_clustering.c;102;57.87374138832092;56-65;LSB bit-flip
cluster_centres_dup;cluster.c;87;57.984585762023926;56-65;LSB bit-flip
clusters_dup;kmeans_clustering.c;132;57.532965421676636;56-65;LSB bit-flip
clusters_dup;kmeans_clustering.c;132;56.46191477775574;56-65;LSB bit-flip
out_filename;kmeans.c;155;59.67789387702942;56-65;LSB bit-flip
out_filename;kmeans.c;155;60.90625238418579;56-65;LSB bit-flip
pt2;kmeans_clustering.c;102;58.77214789390564;56-65;LSB bit-flip
nclusters_dup;kmeans_clustering.c;122;58.62692308425903;56-65;LSB bit-flip
i;kmeans_clustering.c;83;56.902318239212036;56-65;LSB bit-flip
i;kmeans_clustering.c;83;57.4513795375824;56-65;LSB bit-flip
membership;kmeans_clustering.c;124;59.105698108673096;56-65;LSB bit-flip
nclusters_dup;kmeans_clustering.c;122;59.755061864852905;56-65;LSB bit-flip
j;kmeans_clustering.c;129;60.50853872299194;56-65;LSB bit-flip
nclusters;kmeans.c;153;58.83130741119385;56-65;LSB bit-flip
i;kmeans_clustering.c;83;60.00740170478821;56-65;LSB bit-flip
numAttributes;kmeans.c;203;64.93322968482971;56-65;LSB bit-flip
new_centers_len_dup;kmeans_clustering.c;130;58.4250693321228;56-65;LSB bit-flip
i;kmeans_clustering.c;129;57.21099781990051;56-65;LSB bit-flip
nclusters_dup;kmeans_clustering.c;122;57.11260795593262;56-65;LSB bit-flip
index;kmeans_clustering.c;83;57.46813988685608;56-65;LSB bit-flip
partial_new_centers_len_dup;kmeans_clustering.c;138;56.944937229156494;56-65;LSB bit-flip
nclusters_dup;kmeans_clustering.c;122;60.41087317466736;56-65;LSB bit-flip
nfeatures_dup;kmeans_clustering.c;119;60.39124369621277;56-65;LSB bit-flip
nclusters_dup;kmeans_clustering.c;122;59.04952311515808;56-65;LSB bit-flip
nfeatures_dup;kmeans_clustering.c;119;57.69739603996277;56-65;LSB bit-flip
pts;kmeans_clustering.c;80;57.00829339027405;56-65;LSB bit-flip
npoints;kmeans_clustering.c;120;58.88005352020264;56-65;LSB bit-flip
tid;kmeans_clustering.c;277;57.64535307884216;56-65;LSB bit-flip
nfeatures;kmeans_clustering.c;79;61.25483441352844;56-65;LSB bit-flip
feature_dup;kmeans_clustering.c;117;57.64147400856018;56-65;LSB bit-flip
pt2;kmeans_clustering.c;102;56.98241114616394;56-65;LSB bit-flip
numdims;kmeans_clustering.c;103;62.953084230422974;56-65;LSB bit-flip
partial_new_centers_len_dup;kmeans_clustering.c;138;58.87151551246643;56-65;LSB bit-flip
nclusters_dup;kmeans_clustering.c;122;57.35083317756653;56-65;LSB bit-flip
nfeatures;kmeans_clustering.c;79;58.45755910873413;56-65;LSB bit-flip
i;kmeans_clustering.c;105;62.125316858291626;56-65;LSB bit-flip
partial_new_centers_len_dup;kmeans_clustering.c;138;56.549039125442505;56-65;LSB bit-flip
out_filename;kmeans.c;155;58.43224811553955;56-65;LSB bit-flip
i;kmeans_clustering.c;129;56.404733657836914;56-65;LSB bit-flip
nfeatures;kmeans_clustering.c;79;58.03717803955078;56-65;LSB bit-flip
cluster_centres;kmeans.c;204;57.469096422195435;56-65;LSB bit-flip
membership;cluster.c;91;57.10533952713013;56-65;LSB bit-flip
numdims;kmeans_clustering.c;103;58.56119203567505;56-65;LSB bit-flip
i;kmeans_clustering.c;129;58.847150564193726;56-65;LSB bit-flip
cluster_centres;kmeans.c;204;56.939985036849976;56-65;LSB bit-flip
partial_new_centers_len_dup;kmeans_clustering.c;138;57.06301808357239;56-65;LSB bit-flip
out_filename;kmeans.c;155;61.048521518707275;56-65;LSB bit-flip
cluster_centres_dup;cluster.c;87;63.62796640396118;56-65;LSB bit-flip
numdims;kmeans_clustering.c;103;60.04095530509949;56-65;LSB bit-flip
numAttributes;kmeans.c;203;58.242889404296875;56-65;LSB bit-flip
nfeatures_dup;kmeans_clustering.c;119;60.536840200424194;56-65;LSB bit-flip
numAttributes;kmeans.c;203;56.757368326187134;56-65;LSB bit-flip
numdims;kmeans_clustering.c;103;56.88598370552063;56-65;LSB bit-flip
i;kmeans_clustering.c;129;63.46504592895508;56-65;LSB bit-flip
clusters_dup;kmeans_clustering.c;132;59.36173868179321;56-65;LSB bit-flip
cluster_centres_dup;kmeans.c;204;58.75503969192505;56-65;LSB bit-flip
clusters;kmeans_clustering.c;132;56.80948185920715;56-65;LSB bit-flip
pts;kmeans_clustering.c;80;58.562793254852295;56-65;LSB bit-flip
npoints;kmeans_clustering.c;120;61.54458570480347;56-65;LSB bit-flip
nclusters;kmeans.c;153;57.06621265411377;56-65;LSB bit-flip
partial_new_centers_len_dup;kmeans_clustering.c;138;56.97280263900757;56-65;LSB bit-flip
cluster_centres;kmeans.c;204;58.340287923812866;56-65;LSB bit-flip
i;kmeans_clustering.c;105;57.137592792510986;56-65;LSB bit-flip
cluster_centres;kmeans.c;204;58.234009981155396;56-65;LSB bit-flip
tid;kmeans_clustering.c;277;58.319571018218994;56-65;LSB bit-flip
nthreads_dup;kmeans_clustering.c;137;57.859111070632935;56-65;LSB bit-flip
tid;kmeans_clustering.c;277;59.99271082878113;56-65;LSB bit-flip
clusters_dup;kmeans_clustering.c;132;59.058866024017334;56-65;LSB bit-flip
i;kmeans_clustering.c;105;59.20652222633362;56-65;LSB bit-flip
pt2;kmeans_clustering.c;102;56.96811389923096;56-65;LSB bit-flip
pt1;kmeans_clustering.c;101;56.67554044723511;56-65;LSB bit-flip
numdims;kmeans_clustering.c;103;56.716700077056885;56-65;LSB bit-flip
cluster_centres_dup;kmeans.c;204;57.839441537857056;56-65;LSB bit-flip
nfeatures;kmeans_clustering.c;79;58.63268995285034;56-65;LSB bit-flip
partial_new_centers_dup;kmeans_clustering.c;139;59.38680076599121;56-65;LSB bit-flip
pt1;kmeans_clustering.c;101;56.56568121910095;56-65;LSB bit-flip
i;kmeans_clustering.c;129;59.83354592323303;56-65;LSB bit-flip
npoints;kmeans_clustering.c;120;60.71178126335144;56-65;LSB bit-flip
partial_new_centers_len_dup;kmeans_clustering.c;138;58.716827392578125;56-65;LSB bit-flip
partial_new_centers_dup;kmeans_clustering.c;139;60.26103734970093;56-65;LSB bit-flip
cluster_centres_dup;kmeans.c;204;56.45740270614624;56-65;LSB bit-flip
nclusters;kmeans.c;153;59.55206274986267;56-65;LSB bit-flip
new_centers_dup;kmeans_clustering.c;131;58.12446308135986;56-65;LSB bit-flip
clusters;kmeans_clustering.c;132;62.72839975357056;56-65;LSB bit-flip
npoints;kmeans_clustering.c;120;60.63759899139404;56-65;LSB bit-flip
partial_new_centers_dup;kmeans_clustering.c;139;58.147777795791626;56-65;LSB bit-flip
out_filename;kmeans.c;155;59.192896127700806;56-65;LSB bit-flip
index_dup;kmeans_clustering.c;129;57.97535514831543;56-65;LSB bit-flip
index;kmeans_clustering.c;83;58.52861404418945;56-65;LSB bit-flip
feature_dup;kmeans_clustering.c;117;60.378528356552124;56-65;LSB bit-flip
partial_new_centers_len_dup;kmeans_clustering.c;138;58.9285306930542;56-65;LSB bit-flip
nclusters;kmeans.c;153;56.2887065410614;56-65;LSB bit-flip
new_centers_dup;kmeans_clustering.c;131;62.47109413146973;56-65;LSB bit-flip
partial_new_centers_dup;kmeans_clustering.c;139;58.62722730636597;56-65;LSB bit-flip
new_centers_dup;kmeans_clustering.c;131;56.42977023124695;56-65;LSB bit-flip
pts;kmeans_clustering.c;80;59.19743585586548;56-65;LSB bit-flip
nfeatures_dup;kmeans_clustering.c;119;60.45997858047485;56-65;LSB bit-flip
numdims;kmeans_clustering.c;103;56.71418261528015;56-65;LSB bit-flip
pt;kmeans_clustering.c;78;58.88170289993286;56-65;LSB bit-flip
nfeatures;kmeans_clustering.c;79;57.25435543060303;56-65;LSB bit-flip
pt2;kmeans_clustering.c;102;58.02069973945618;56-65;LSB bit-flip
npoints;kmeans_clustering.c;120;58.5048725605011;56-65;LSB bit-flip
nclusters_dup;kmeans_clustering.c;122;59.49353098869324;56-65;LSB bit-flip
nthreads_dup;kmeans_clustering.c;137;63.22690534591675;56-65;LSB bit-flip
partial_new_centers_dup;kmeans_clustering.c;139;56.84086322784424;56-65;LSB bit-flip
i;kmeans_clustering.c;83;59.42403197288513;56-65;LSB bit-flip
new_centers_len;kmeans_clustering.c;130;56.867010831832886;56-65;LSB bit-flip
cluster_centres;kmeans.c;204;58.41561698913574;56-65;LSB bit-flip
cluster_centres;cluster.c;86;61.72658586502075;56-65;LSB bit-flip
tid;kmeans_clustering.c;277;57.55328845977783;56-65;LSB bit-flip
cluster_centres_dup;cluster.c;87;60.16731524467468;56-65;LSB bit-flip
npts;kmeans_clustering.c;81;57.37982702255249;56-65;LSB bit-flip
cluster_centres;cluster.c;86;59.451412200927734;56-65;LSB bit-flip
pts;kmeans_clustering.c;80;57.41623520851135;56-65;LSB bit-flip
tid;kmeans_clustering.c;277;56.8993456363678;56-65;LSB bit-flip
pts;kmeans_clustering.c;80;59.137025117874146;56-65;LSB bit-flip
i;kmeans_clustering.c;83;57.97128343582153;56-65;LSB bit-flip
i;kmeans_clustering.c;105;60.535369873046875;56-65;LSB bit-flip
pt;kmeans_clustering.c;78;57.576672315597534;56-65;LSB bit-flip
index;kmeans_clustering.c;83;56.18849325180054;56-65;LSB bit-flip
attributes_dup;cluster.c;82;56.61218070983887;56-65;LSB bit-flip
i;kmeans_clustering.c;105;62.00956463813782;56-65;LSB bit-flip
clusters_dup;kmeans_clustering.c;132;58.441081523895264;56-65;LSB bit-flip
cluster_centres;cluster.c;86;62.4409294128418;56-65;LSB bit-flip
cluster_centres;cluster.c;86;58.139384269714355;56-65;LSB bit-flip
clusters_temp;kmeans_clustering.c;125;58.80750346183777;56-65;LSB bit-flip
nfeatures_dup;kmeans_clustering.c;119;56.962769985198975;56-65;LSB bit-flip
tid;kmeans_clustering.c;277;59.728071212768555;56-65;LSB bit-flip
nfeatures;kmeans_clustering.c;79;58.6742582321167;56-65;LSB bit-flip
partial_new_centers_len_dup;kmeans_clustering.c;138;56.667304277420044;56-65;LSB bit-flip
tid;kmeans_clustering.c;277;62.91425085067749;56-65;LSB bit-flip
out_filename;kmeans.c;155;56.736114263534546;56-65;LSB bit-flip
j;kmeans_clustering.c;129;57.186732053756714;56-65;LSB bit-flip
i;kmeans_clustering.c;129;57.50405955314636;56-65;LSB bit-flip
cluster_centres_dup;cluster.c;87;60.24742794036865;56-65;LSB bit-flip
out_filename;kmeans.c;155;59.57389760017395;56-65;LSB bit-flip
partial_new_centers_len_dup;kmeans_clustering.c;138;58.05310773849487;56-65;LSB bit-flip
pt2;kmeans_clustering.c;102;57.46489214897156;56-65;LSB bit-flip
cluster_centres;kmeans.c;204;59.509316205978394;56-65;LSB bit-flip
index;kmeans_clustering.c;83;56.89738464355469;56-65;LSB bit-flip
attributes_dup;cluster.c;82;57.24160695075989;56-65;LSB bit-flip
out_filename;kmeans.c;155;56.45927405357361;56-65;LSB bit-flip
attributes_dup;cluster.c;82;60.06825613975525;56-65;LSB bit-flip
nclusters_dup;kmeans_clustering.c;122;58.76944375038147;56-65;LSB bit-flip
partial_new_centers_len_dup;kmeans_clustering.c;138;57.91516327857971;56-65;LSB bit-flip
npts;kmeans_clustering.c;81;57.32089710235596;56-65;LSB bit-flip
i;kmeans_clustering.c;129;62.55569076538086;56-65;LSB bit-flip
nthreads_dup;kmeans_clustering.c;137;58.160181760787964;56-65;LSB bit-flip
cluster_centres;cluster.c;86;59.64684081077576;56-65;LSB bit-flip
tid;kmeans_clustering.c;277;56.890545129776;56-65;LSB bit-flip
i;kmeans_clustering.c;83;62.08865737915039;56-65;LSB bit-flip
cluster_centres;cluster.c;86;60.61092472076416;56-65;LSB bit-flip
i;kmeans_clustering.c;105;58.1487672328949;56-65;LSB bit-flip
numdims;kmeans_clustering.c;103;57.420912742614746;56-65;LSB bit-flip
nclusters_dup;kmeans_clustering.c;122;58.110920429229736;56-65;LSB bit-flip
nfeatures;kmeans_clustering.c;79;60.00237560272217;56-65;LSB bit-flip
index;kmeans_clustering.c;83;61.12663221359253;56-65;LSB bit-flip
tid;kmeans_clustering.c;277;58.992008447647095;56-65;LSB bit-flip
cluster_centres_dup;kmeans.c;204;58.393664836883545;56-65;LSB bit-flip
cluster_centres;cluster.c;86;60.55672526359558;56-65;LSB bit-flip
npts;kmeans_clustering.c;81;57.704163551330566;56-65;LSB bit-flip
i;kmeans_clustering.c;105;60.211243629455566;56-65;LSB bit-flip
i;kmeans_clustering.c;129;58.635355710983276;56-65;LSB bit-flip
membership;cluster.c;91;59.134419441223145;56-65;LSB bit-flip
cluster_centres;kmeans.c;204;57.764155626297;56-65;LSB bit-flip
cluster_centres;kmeans.c;204;57.78746461868286;56-65;LSB bit-flip
cluster_centres_dup;kmeans.c;204;56.67200469970703;56-65;LSB bit-flip
partial_new_centers_len_dup;kmeans_clustering.c;138;60.91328167915344;56-65;LSB bit-flip
pt1;kmeans_clustering.c;101;57.60455679893494;56-65;LSB bit-flip
nclusters_dup;kmeans_clustering.c;122;57.27182459831238;56-65;LSB bit-flip
tid;kmeans_clustering.c;277;56.76104402542114;56-65;LSB bit-flip
partial_new_centers_dup;kmeans_clustering.c;139;59.14533352851868;56-65;LSB bit-flip
tid;kmeans_clustering.c;277;56.48813462257385;56-65;LSB bit-flip
index;kmeans_clustering.c;83;57.95781755447388;56-65;LSB bit-flip
tid;kmeans_clustering.c;277;57.6498327255249;56-65;LSB bit-flip
pt1;kmeans_clustering.c;101;60.02051877975464;56-65;LSB bit-flip
i;kmeans_clustering.c;105;62.358147621154785;56-65;LSB bit-flip
feature_dup;kmeans_clustering.c;117;63.170931816101074;56-65;LSB bit-flip
clusters;kmeans_clustering.c;132;57.79127860069275;56-65;LSB bit-flip
nfeatures;kmeans_clustering.c;79;58.3738751411438;56-65;LSB bit-flip
tid;kmeans_clustering.c;277;62.29286575317383;56-65;LSB bit-flip
new_centers_dup;kmeans_clustering.c;131;60.6488721370697;56-65;LSB bit-flip
num_omp_threads;kmeans.c;86;57.34414577484131;56-65;LSB bit-flip
cluster_centres;kmeans.c;204;60.00928282737732;56-65;LSB bit-flip
cluster_centres;cluster.c;86;57.601802110672;56-65;LSB bit-flip
i;kmeans_clustering.c;83;60.148462772369385;56-65;LSB bit-flip
nfeatures_dup;kmeans_clustering.c;119;59.20321607589722;56-65;LSB bit-flip
feature_dup;kmeans_clustering.c;117;56.28887891769409;56-65;LSB bit-flip
nfeatures_dup;kmeans_clustering.c;119;59.41803240776062;56-65;LSB bit-flip
pt1;kmeans_clustering.c;101;59.507704734802246;56-65;LSB bit-flip
new_centers;kmeans_clustering.c;131;60.37533092498779;56-65;LSB bit-flip
clusters_dup;kmeans_clustering.c;132;57.13098335266113;56-65;LSB bit-flip
partial_new_centers_len_dup;kmeans_clustering.c;138;59.25443625450134;56-65;LSB bit-flip
i;kmeans_clustering.c;129;57.95203375816345;56-65;LSB bit-flip
i;kmeans_clustering.c;129;58.15636849403381;56-65;LSB bit-flip
nfeatures;kmeans_clustering.c;79;58.82282114028931;56-65;LSB bit-flip
pt;kmeans_clustering.c;78;60.24088978767395;56-65;LSB bit-flip
i;kmeans_clustering.c;129;56.99922966957092;56-65;LSB bit-flip
nclusters_dup;kmeans_clustering.c;122;57.43678259849548;56-65;LSB bit-flip
index;kmeans_clustering.c;83;58.080902099609375;56-65;LSB bit-flip
nthreads_dup;kmeans_clustering.c;137;58.73498582839966;56-65;LSB bit-flip
new_centers_dup;kmeans_clustering.c;131;57.07291102409363;56-65;LSB bit-flip
nfeatures_dup;kmeans_clustering.c;119;56.93903040885925;56-65;LSB bit-flip
cluster_centres;kmeans.c;204;60.15094447135925;56-65;LSB bit-flip
tid;kmeans_clustering.c;277;56.68744254112244;56-65;LSB bit-flip
nclusters_dup;kmeans_clustering.c;122;56.605788469314575;56-65;LSB bit-flip
cluster_centres;cluster.c;86;61.443608045578;56-65;LSB bit-flip
partial_new_centers_len_dup;kmeans_clustering.c;138;58.295071601867676;56-65;LSB bit-flip
nfeatures_dup;kmeans_clustering.c;119;56.664820194244385;56-65;LSB bit-flip
npoints;kmeans_clustering.c;120;63.238584756851196;56-65;LSB bit-flip
cluster_centres;cluster.c;86;59.43433165550232;56-65;LSB bit-flip
clusters_dup;kmeans_clustering.c;132;60.859947681427;56-65;LSB bit-flip
feature_dup;kmeans_clustering.c;117;56.84624791145325;56-65;LSB bit-flip
i;kmeans_clustering.c;129;57.072689056396484;56-65;LSB bit-flip
cluster_centres_dup;cluster.c;87;58.13004016876221;56-65;LSB bit-flip
nclusters;kmeans.c;153;57.11218976974487;56-65;LSB bit-flip
i;kmeans_clustering.c;83;56.364787101745605;56-65;LSB bit-flip
cluster_centres;kmeans.c;204;60.86062049865723;56-65;LSB bit-flip
pts;kmeans_clustering.c;80;56.547067642211914;56-65;LSB bit-flip
num_omp_threads;kmeans.c;86;56.78085684776306;56-65;LSB bit-flip
pts;kmeans_clustering.c;80;59.63988375663757;56-65;LSB bit-flip
cluster_centres_dup;cluster.c;87;58.55652165412903;56-65;LSB bit-flip
j;kmeans_clustering.c;129;57.47195363044739;56-65;LSB bit-flip
new_centers;kmeans_clustering.c;131;58.06494355201721;56-65;LSB bit-flip
cluster_centres_dup;cluster.c;87;59.82861924171448;56-65;LSB bit-flip
tid;kmeans_clustering.c;277;58.51105833053589;56-65;LSB bit-flip
